{
    "setting": {
        "compileHotReLoad": true
    },
    "condition": {
        "miniprogram": {
            "list": [
                {
                    "name": "",
                    "pathName": "pages/chart2/chart2",
                    "query": "",
                    "launchMode": "default",
                    "scene": null
                },
                {
                    "name": "",
                    "pathName": "pages/chart1/chart1",
                    "query": "",
                    "launchMode": "default",
                    "scene": null
                },
                {
                    "name": "我的评价",
                    "pathName": "pages/mycomment/mycomment",
                    "query": "",
                    "scene": null
                },
                {
                    "name": "pages/food/food",
                    "pathName": "pages/food/food",
                    "query": "tableNum=1",
                    "scene": null
                },
                {
                    "name": "pages/pay/pay",
                    "pathName": "pages/pay/pay",
                    "query": "",
                    "scene": null
                },
                {
                    "name": "pages/admin/admin",
                    "pathName": "pages/admin/admin",
                    "query": "",
                    "scene": null
                },
                {
                    "name": "pages/change/change",
                    "pathName": "pages/change/change",
                    "query": "",
                    "scene": null
                },
                {
                    "name": "pages/mycomment/mycomment",
                    "pathName": "pages/mycomment/mycomment",
                    "query": "",
                    "scene": null
                },
                {
                    "name": "pages/me/me",
                    "pathName": "pages/me/me",
                    "query": "",
                    "scene": null
                },
                {
                    "name": "pages/paihao/paihao",
                    "pathName": "pages/paihao/paihao",
                    "query": "",
                    "scene": null
                },
                {
                    "name": "pages/adminHouchu/adminHouchu",
                    "pathName": "pages/adminHouchu/adminHouchu",
                    "query": "",
                    "scene": null
                },
                {
                    "name": "pages/adminPaihao/adminPaihao",
                    "pathName": "pages/adminPaihao/adminPaihao",
                    "query": "",
                    "scene": null
                },
                {
                    "name": "pages/food2/food2",
                    "pathName": "pages/food2/food2",
                    "query": "",
                    "scene": null
                },
                {
                    "name": "pages/cart/cart",
                    "pathName": "pages/cart/cart",
                    "query": "",
                    "scene": null
                }
            ]
        }
    },
    "description": "项目私有配置文件。此文件中的内容将覆盖 project.config.json 中的相同字段。项目的改动优先同步到此文件中。详见文档：https://developers.weixin.qq.com/miniprogram/dev/devtools/projectconfig.html",
    "projectname": "%E4%BA%91%E5%BC%80%E5%8F%91%E7%82%B9%E9%A4%90%E5%B0%8F%E7%A8%8B%E5%BA%8F%2B%E6%8A%98%E7%BA%BF%E8%B6%8B%E5%8A%BF%E5%9B%BE%2B%E6%9F%B1%E7%8A%B6%E5%9B%BE",
    "libVersion": "3.4.0"
}