[{
    "_id": "28ee4e3e6023757804385d0b1e9aed15",
    "icon": "https://ss0.bdstatic.com/70cFvHSh_Q1YnxGkpoWK1HF6hhy/it/u=3210050521,2628476601&fm=26&gp=0.jpg",
    "name": "宫保鸡丁",
    "price": 15,
    "sell": 12,
    "status": "上架",
    "_createTime": 1612936568799,
    "_updateTime": 1613344915884,
    "fenlei": "店长推荐"
}, {
    "_id": "b00064a7602375ba0403f9ad7bd398cc",
    "icon": "https://ss1.bdstatic.com/70cFvXSh_Q1YnxGkpoWK1HF6hhy/it/u=3815861419,3479367376&fm=26&gp=0.jpg",
    "name": "鱼香肉丝",
    "price": 12,
    "sell": 17,
    "status": "上架",
    "_createTime": 1612936634258,
    "_updateTime": 1613344947622,
    "fenlei": "店长推荐"
}, {
    "_id": "b00064a76027e22e04c888357d766c5c",
    "icon": "https://ss0.bdstatic.com/70cFuHSh_Q1YnxGkpoWK1HF6hhy/it/u=3607142225,358344641&fm=26&gp=0.jpg",
    "name": "青椒土豆丝",
    "price": 6,
    "sell": 3,
    "status": "上架",
    "_createTime": 1613226542536,
    "_updateTime": 1613344956454,
    "fenlei": "店长推荐"
}, {
    "_id": "28ee4e3e602943f8054157617e205cf4",
    "name": "西湖醋鱼",
    "price": 60,
    "sell": 2,
    "status": "上架",
    "_createTime": 1613317112310,
    "_updateTime": 1613344965171,
    "icon": "https://ss0.bdstatic.com/70cFuHSh_Q1YnxGkpoWK1HF6hhy/it/u=903420395,2168798801&fm=26&gp=0.jpg",
    "fenlei": "店长推荐"
}, {
    "_id": "b00064a76029b0d904fd8deb38884c8c",
    "fenlei": "店长推荐",
    "name": "叫花鸡",
    "price": 99,
    "sell": 0,
    "status": "上架",
    "_createTime": 1613344985445,
    "_updateTime": 1613344985445,
    "icon": "https://ss1.bdstatic.com/70cFuXSh_Q1YnxGkpoWK1HF6hhy/it/u=2304658453,99815512&fm=26&gp=0.jpg"
}, {
    "_id": "79550af26029b0f804dbf1b91f7bbedf",
    "fenlei": "店长推荐",
    "name": "糖醋里脊",
    "price": 35,
    "sell": 2,
    "status": "上架",
    "_createTime": 1613345016404,
    "_updateTime": 1613345016404,
    "icon": "https://ss0.bdstatic.com/70cFuHSh_Q1YnxGkpoWK1HF6hhy/it/u=4067368087,2410755031&fm=26&gp=0.jpg"
}, {
    "_id": "79550af26029b10d04dbf29f7db04607",
    "fenlei": "店长推荐",
    "name": "龙井虾仁",
    "price": 30,
    "sell": 0,
    "status": "上架",
    "_createTime": 1613345036998,
    "_updateTime": 1613345036998,
    "icon": "https://ss2.bdstatic.com/70cFvnSh_Q1YnxGkpoWK1HF6hhy/it/u=2116709579,3121502215&fm=26&gp=0.jpg"
}, {
    "_id": "79550af26029c07a04dd8c0a2cd710e5",
    "fenlei": "经典套餐",
    "name": "鱼香肉丝套餐",
    "price": 30,
    "sell": 0,
    "status": "上架",
    "_createTime": 1613348986044,
    "_updateTime": 1613358715584,
    "icon": "https://ss2.bdstatic.com/70cFvnSh_Q1YnxGkpoWK1HF6hhy/it/u=3541637759,3691401337&fm=26&gp=0.jpg"
}, {
    "_id": "79550af26029e69604e4c14c13f85c60",
    "fenlei": "经典套餐",
    "name": "宫保鸡丁套餐",
    "price": 35,
    "sell": 0,
    "status": "上架",
    "_createTime": 1613358742773,
    "_updateTime": 1613358742773,
    "icon": "https://ss3.bdstatic.com/70cFv8Sh_Q1YnxGkpoWK1HF6hhy/it/u=4033883906,2731252133&fm=26&gp=0.jpg"
}, {
    "_id": "28ee4e3e6029e6b6054fd8021ff3d887",
    "fenlei": "经典套餐",
    "name": "狮子头套餐",
    "price": 25,
    "sell": 2,
    "status": "上架",
    "_createTime": 1613358774645,
    "_updateTime": 1613358774645,
    "icon": "https://ss3.bdstatic.com/70cFv8Sh_Q1YnxGkpoWK1HF6hhy/it/u=3532063679,1935243818&fm=26&gp=0.jpg"
}, {
    "_id": "28ee4e3e6029e6d6054fde646c53d05b",
    "fenlei": "面食",
    "name": "刀削面",
    "price": 15,
    "sell": 2,
    "status": "上架",
    "_createTime": 1613358806929,
    "_updateTime": 1613358943110,
    "icon": "https://ss0.bdstatic.com/70cFuHSh_Q1YnxGkpoWK1HF6hhy/it/u=308247864,386306050&fm=26&gp=0.jpg"
}, {
    "_id": "b00064a76029e77305061e796dc97e38",
    "fenlei": "面食",
    "name": "牛肉拉面",
    "price": 15,
    "sell": 0,
    "status": "上架",
    "_createTime": 1613358963507,
    "_updateTime": 1613358963507,
    "icon": "https://ss0.bdstatic.com/70cFvHSh_Q1YnxGkpoWK1HF6hhy/it/u=4283016849,3128990035&fm=26&gp=0.jpg"
}, {
    "_id": "79550af26029e78e04e4f2c737b08c21",
    "fenlei": "面食",
    "name": "老北京炸酱面",
    "price": 15,
    "sell": 0,
    "status": "上架",
    "_createTime": 1613358990572,
    "_updateTime": 1613358990572,
    "icon": "https://ss1.bdstatic.com/70cFuXSh_Q1YnxGkpoWK1HF6hhy/it/u=4217671986,1894020003&fm=26&gp=0.jpg"
}, {
    "_id": "28ee4e3e6029e7b805500db649913288",
    "fenlei": "面食",
    "name": "兰州拉面",
    "price": 12,
    "sell": 1,
    "status": "上架",
    "_createTime": 1613359032544,
    "_updateTime": 1613359032544,
    "icon": "https://ss0.bdstatic.com/70cFuHSh_Q1YnxGkpoWK1HF6hhy/it/u=3686050677,567719515&fm=26&gp=0.jpg"
}, {
    "_id": "b00064a76029e7ce0506300b2c4a29ed",
    "fenlei": "经典套餐",
    "name": "大盘鸡 ",
    "price": 108,
    "sell": 0,
    "status": "上架",
    "_createTime": 1613359054023,
    "_updateTime": 1613359054023,
    "icon": "https://ss0.bdstatic.com/70cFvHSh_Q1YnxGkpoWK1HF6hhy/it/u=266238080,1902329614&fm=26&gp=0.jpg"
}, {
    "_id": "79550af26029e80004e5090f1510d3dc",
    "fenlei": "店长推荐",
    "name": "杭州小笼包",
    "price": 24,
    "sell": 0,
    "status": "上架",
    "_createTime": 1613359104541,
    "_updateTime": 1613385789470,
    "icon": "https://ss3.bdstatic.com/70cFv8Sh_Q1YnxGkpoWK1HF6hhy/it/u=3156899831,2997303086&fm=26&gp=0.jpg"
}, {
    "_id": "b00064a76029e81205063dd309806711",
    "fenlei": "面食",
    "name": "炒刀削",
    "price": 14,
    "sell": 0,
    "status": "上架",
    "_createTime": 1613359122726,
    "_updateTime": 1613359122726,
    "icon": "https://ss3.bdstatic.com/70cFv8Sh_Q1YnxGkpoWK1HF6hhy/it/u=1627026643,2380559582&fm=26&gp=0.jpg"
}, {
    "_id": "28ee4e3e6029e8320550270d20ac9657",
    "fenlei": "面食",
    "name": "河南烩面",
    "price": 14,
    "sell": 0,
    "status": "上架",
    "_createTime": 1613359154317,
    "_updateTime": 1613359154317,
    "icon": "https://ss0.bdstatic.com/70cFvHSh_Q1YnxGkpoWK1HF6hhy/it/u=3521990855,1881261623&fm=26&gp=0.jpg"
}, {
    "_id": "b00064a76029f564050916511cf25667",
    "fenlei": "面食",
    "name": "岐山臊子面",
    "price": 16,
    "sell": 0,
    "status": "上架",
    "_createTime": 1613362532882,
    "_updateTime": 1613362532882,
    "icon": "https://ss2.bdstatic.com/70cFvnSh_Q1YnxGkpoWK1HF6hhy/it/u=3192640871,229058421&fm=26&gp=0.jpg"
}]