[{"fields":[{"displayName":"满","id":"w8bt0uf1ifq4r6fcet93f6zek9barye2","name":"minMoney","order":0,"type":"Number"},{"displayName":"减","id":"rh07zgrbujf48wvf8qufb99km6ama1ue","name":"reduceMoney","order":1,"type":"Number"},{"displayName":"中奖比率","id":"pzbqbkhl1gp2ptvx9pzms8k5225ww2eu","name":"percent","order":2,"type":"Number"},{"dateFormatType":"string","displayName":"过期时间","id":"unb6fd2zt8onjv4s1j45z8ioxm6zwbre","name":"expirationTime","order":3,"type":"DateTime"},{"copyable":true,"description":"CMS 系统字段，请勿随意修改","displayName":"文档 ID","id":"_id","isHidden":true,"isSystem":true,"name":"_id","type":"String"},{"dateFormatType":"timestamp-ms","description":"CMS 系统字段，请勿随意修改。通过 CMS 系统录入的数据会默认添加该字段","displayName":"创建时间","id":"_createTime","isSystem":true,"name":"_createTime","type":"DateTime"},{"dateFormatType":"timestamp-ms","description":"CMS 系统字段，请勿随意修改。通过 CMS 系统录入的数据会默认添加该字段","displayName":"修改时间","id":"_updateTime","isSystem":true,"name":"_updateTime","type":"DateTime"}],"collectionName":"sxcs_coupon","displayName":"优惠券管理","_id":"743f407963515215124329f22d9abf9"},{"fields":[{"connectField":"_id","connectResource":"743f407963515215124329f22d9abf9","displayName":"优惠券Id","id":"aga1yzzkmtuwddbu6h5qmpghzhrdwxys","name":"couponId","order":0,"type":"Connect"},{"displayName":"优惠券信息","id":"56jvzw53rs3f194zbefuuyox1okhnbut","name":"coupon","order":1,"type":"Object"},{"copyable":true,"description":"CMS 系统字段，请勿随意修改","displayName":"文档 ID","id":"_id","isHidden":true,"isSystem":true,"name":"_id","type":"String"},{"dateFormatType":"timestamp-ms","description":"CMS 系统字段，请勿随意修改。通过 CMS 系统录入的数据会默认添加该字段","displayName":"创建时间","id":"_createTime","isSystem":true,"name":"_createTime","type":"DateTime"},{"dateFormatType":"timestamp-ms","description":"CMS 系统字段，请勿随意修改。通过 CMS 系统录入的数据会默认添加该字段","displayName":"修改时间","id":"_updateTime","isSystem":true,"name":"_updateTime","type":"DateTime"},{"displayName":"状态","enumElementType":"string","enumElements":[{"label":"0","value":"未使用"},{"label":"1","value":"已使用"}],"id":"3c0a8hhhqaechiwg3h7vup5ofzq0cqn5","name":"status","order":5,"type":"Enum"},{"displayName":"时间","id":"vt64l7b6n8d30fm6ag0b3yttatp9g10n","name":"time","order":6,"type":"String"}],"collectionName":"sxcs_couponRecord","displayName":"优惠券记录管理","_id":"d029512263533333352150042be9a0d7c8fcf"},{"fields":[{"dateFormatType":"timestamp-ms","description":"CMS 系统字段，请勿随意修改。通过 CMS 系统录入的数据会默认添加该字段","displayName":"创建时间","id":"_createTime","isSystem":true,"name":"_createTime","type":"DateTime"},{"dateFormatType":"timestamp-ms","description":"CMS 系统字段，请勿随意修改。通过 CMS 系统录入的数据会默认添加该字段","displayName":"修改时间","id":"_updateTime","isSystem":true,"name":"_updateTime","type":"DateTime"},{"displayName":"公告","id":"i54r1mzji2qhwn0fpy23asy0zv0uzv61","name":"gonggao","order":2,"type":"String"},{"copyable":true,"description":"CMS 系统字段，请勿随意修改","displayName":"文档 ID","id":"_id","isHidden":true,"isSystem":true,"name":"_id","type":"String"}],"collectionName":"sxcs_info","displayName":"基本信息管理","_id":"14a2738964d21ee10013fbee38c3fb6d"},{"fields":[{"connectField":"name","connectMany":false,"connectResource":"959a5fd064cbb7850061983664486f01","displayName":"分类","id":"wecjohell6injitzm14vrpamruzruwze","name":"type","order":0,"type":"Connect"},{"displayName":"标题","id":"gpkguukunnbrur2dh96lodtim24kqpvm","name":"title","order":1,"type":"String"},{"displayName":"封面图","id":"ljs2xrqkhdb2uge5gtbgkuxamaj5nz42","name":"cover","order":2,"resourceLinkType":"fileId","type":"Image"},{"displayName":"详情图片","id":"n8a4krj6cx790s023bu7e4i8qsgkim1u","isMultiple":true,"name":"images","order":3,"resourceLinkType":"https","type":"Image"},{"displayName":"保存方式","id":"y7l3l3256lqb1h2531hlfndaomvtpwsh","name":"bcfs","order":4,"type":"String"},{"displayName":"商品描述","id":"szjqzhgvpud34mjrt9ifivs718pu6pkm","name":"text","order":5,"type":"MultiLineString"},{"defaultValue":0,"displayName":"销量","id":"w0hhexou73vw9in587t5pbo78vufsh3s","name":"saleNumber","order":6,"type":"Number"},{"displayName":"价格","id":"dsuw9pvre4tg46ltnqq7emclg4whvtvt","name":"price","order":7,"type":"Number"},{"displayName":"库存","id":"z1jgw1j1v55crfcrs584lilzy86tzeho","name":"stockNumber","order":8,"type":"Number"},{"defaultValue":true,"displayName":"猜你喜欢:","id":"y103ng67uzutcvl9352ttjb79xa1r8ad","name":"show1","order":9,"type":"Boolean"},{"defaultValue":true,"displayName":"疯狂抢购","id":"udlven0buh3z5nbxige5pbb794tc3o29","name":"show2","order":10,"type":"Boolean"},{"defaultValue":true,"displayName":"商品状态","id":"mac2q0peftl620b3jkcsaayoodkhcfnh","name":"status","order":11,"type":"Boolean"},{"copyable":true,"description":"CMS 系统字段，请勿随意修改","displayName":"文档 ID","id":"_id","isHidden":true,"isSystem":true,"name":"_id","type":"String"},{"dateFormatType":"timestamp-ms","description":"CMS 系统字段，请勿随意修改。通过 CMS 系统录入的数据会默认添加该字段","displayName":"创建时间","id":"_createTime","isSystem":true,"name":"_createTime","type":"DateTime"},{"dateFormatType":"timestamp-ms","description":"CMS 系统字段，请勿随意修改。通过 CMS 系统录入的数据会默认添加该字段","displayName":"修改时间","id":"_updateTime","isSystem":true,"name":"_updateTime","type":"DateTime"}],"collectionName":"sxcs_goods","displayName":"商品管理","_id":"54ad1eea61e954533333312473a64c6c399"},{"fields":[{"displayName":"订单ID","id":"i0y5a0n2vqbssmgnn3clxleipfot3um5","name":"_id","order":0,"type":"String"},{"displayName":"用户Openid","id":"eytfutoh3x4ne7fwgj2q7yjkkiggvhqh","name":"_openid","order":1,"type":"String"},{"displayName":"订单明细","id":"b1ve6netgkmpyuwnwbj2zhl1ll2z4f6x","name":"goods","order":2,"type":"Object"},{"displayName":"订单金额","id":"89g88dstxw9stkoqy1mafalkkx1cnqxb","name":"totalMoney","order":3,"type":"Number"},{"displayName":"订单状态","enumElementType":"number","enumElements":[{"label":"待发货","value":0},{"label":"待收货","value":1},{"label":"待评价","value":2},{"label":"已评价","value":3},{"label":"待支付","value":-1},{"label":"已取消","value":-2}],"id":"robtg115eqmmoaw9b0zzz7a7ymhudn9d","name":"status","order":4,"type":"Enum"},{"displayName":"时间","id":"253yxrwp6s6y0dclqa4hlfh09wvv0rut","name":"time","order":5,"type":"String"},{"displayName":"姓名","id":"x5nj9w9cptodnm91voybllpf74marcis","name":"name","order":6,"type":"String"},{"displayName":"电话","id":"heetzevn0ugo09ggtufnlaeqfxphxdrm","name":"phone","order":7,"type":"String"},{"displayName":"自提点信息","id":"a0hdigd6jdtnufuslbf27mon5ru2dxzg","name":"tuan","order":8,"type":"Object"},{"connectField":"address","connectResource":"8de6ebcc654e415d09cf94c768eac10b","displayName":"自提点","id":"m5x55l3k5nn041tusa3m32ayrae4l2zo","name":"tuanId","order":9,"type":"Connect"},{"displayName":"备注","id":"y13el1uhi1of9fcpq2bwckrton9d30it","name":"note","order":10,"type":"MultiLineString"},{"copyable":true,"description":"CMS 系统字段，请勿随意修改","displayName":"文档 ID","id":"_id","isHidden":true,"isSystem":true,"name":"_id","type":"String"},{"dateFormatType":"timestamp-ms","description":"CMS 系统字段，请勿随意修改。通过 CMS 系统录入的数据会默认添加该字段","displayName":"创建时间","id":"_createTime","isSystem":true,"name":"_createTime","type":"DateTime"},{"dateFormatType":"timestamp-ms","description":"CMS 系统字段，请勿随意修改。通过 CMS 系统录入的数据会默认添加该字段","displayName":"修改时间","id":"_updateTime","isSystem":true,"name":"_updateTime","type":"DateTime"}],"collectionName":"sxcs_orders","displayName":"订单管理","_id":"54ad1eea61512333333124d5ae45030"},{"fields":[{"displayName":"商品ID","id":"v02bsjyqe18ct05rryxwho9p5qt8o8yp","name":"goodId","order":0,"type":"String"},{"displayName":"评价内容","id":"4j1e7h38c54qwoc3b5979xjn7dfd99us","name":"text","order":1,"type":"String"},{"displayName":"头像","id":"h51w3kggpeqofnbqazbxvpgnrqmmiepf","name":"avatarUrl","order":2,"resourceLinkType":"fileId","type":"Image"},{"displayName":"昵称","id":"b36za5u39ojgxqzl5nqfyok7gspbbqw1","name":"nickName","order":3,"type":"String"},{"displayName":"时间","id":"s4nb5n0h4eqjid8dn8ymlcrpbwbyqdge","name":"time","order":4,"type":"String"},{"displayName":"商品名称","id":"n099pl9xtrhpsru2viq4d9nwaldj7idh","name":"goodName","order":5,"type":"String"},{"copyable":true,"description":"CMS 系统字段，请勿随意修改","displayName":"文档 ID","id":"_id","isHidden":true,"isSystem":true,"name":"_id","type":"String"},{"dateFormatType":"timestamp-ms","description":"CMS 系统字段，请勿随意修改。通过 CMS 系统录入的数据会默认添加该字段","displayName":"创建时间","id":"_createTime","isSystem":true,"name":"_createTime","type":"DateTime"},{"dateFormatType":"timestamp-ms","description":"CMS 系统字段，请勿随意修改。通过 CMS 系统录入的数据会默认添加该字段","displayName":"修改时间","id":"_updateTime","isSystem":true,"name":"_updateTime","type":"DateTime"}],"collectionName":"sxcs_comments","displayName":"评价管理","_id":"0ab5303b6278b512333333b01da591ab290"},{"fields":[{"displayName":"昵称","id":"1flmy9qvp770aa0xak8ye6m2aqzkrbif","name":"nickName","order":0,"type":"String"},{"displayName":"头像","id":"vus9fzhr989m987q66c6vn0xthl2llvj","name":"avatarUrl","order":1,"resourceLinkType":"https","type":"Image"},{"displayName":"电话","id":"z6i3a94h2dfzp78twlqdegtd2r7j2p5w","name":"phone","order":2,"type":"String"},{"displayName":"地址","id":"qn2qn1zxb98h57ovw9t5pth5slbdb6b7","name":"address","order":3,"type":"String"},{"displayName":"地址信息","id":"5ppkqi98h0r91bnesvoxll4xneja2qmp","name":"addressInfo","order":4,"type":"String"},{"displayName":"姓名","id":"0gjhz4va2bre5sq82w3lw57osr2hbpac","name":"name","order":5,"type":"String"},{"copyable":true,"description":"CMS 系统字段，请勿随意修改","displayName":"文档 ID","id":"_id","isHidden":true,"isSystem":true,"name":"_id","type":"String"},{"dateFormatType":"timestamp-ms","description":"CMS 系统字段，请勿随意修改。通过 CMS 系统录入的数据会默认添加该字段","displayName":"创建时间","id":"_createTime","isSystem":true,"name":"_createTime","type":"DateTime"},{"dateFormatType":"timestamp-ms","description":"CMS 系统字段，请勿随意修改。通过 CMS 系统录入的数据会默认添加该字段","displayName":"修改时间","id":"_updateTime","isSystem":true,"name":"_updateTime","type":"DateTime"}],"collectionName":"sxcs_users","displayName":"用户管理","_id":"1fee1e9762533333333333355124d39"},{"fields":[{"displayName":"封面图","id":"4aiuxdu6466fd8bnllpexths75ytkaqa","name":"cover","order":0,"resourceLinkType":"https","type":"Image"},{"displayName":"标题","id":"jbgi6jbaxywau43vfb8yqag9bthb2llc","name":"title","order":1,"type":"String"},{"displayName":"详情","id":"f79mnk8w8xb6z1j5ah27lxij7kur3iz9","name":"content","order":2,"type":"RichText"},{"copyable":true,"description":"CMS 系统字段，请勿随意修改","displayName":"文档 ID","id":"_id","isHidden":true,"isSystem":true,"name":"_id","type":"String"},{"dateFormatType":"timestamp-ms","description":"CMS 系统字段，请勿随意修改。通过 CMS 系统录入的数据会默认添加该字段","displayName":"创建时间","id":"_createTime","isSystem":true,"name":"_createTime","type":"DateTime"},{"dateFormatType":"timestamp-ms","description":"CMS 系统字段，请勿随意修改。通过 CMS 系统录入的数据会默认添加该字段","displayName":"修改时间","id":"_updateTime","isSystem":true,"name":"_updateTime","type":"DateTime"}],"collectionName":"sxcs_banners","displayName":"轮播图管理","_id":"bf4a1234124533333318022f9f61efc51b"},{"fields":[{"dateFormatType":"timestamp-ms","description":"CMS 系统字段，请勿随意修改。通过 CMS 系统录入的数据会默认添加该字段","displayName":"创建时间","id":"_createTime","isSystem":true,"name":"_createTime","type":"DateTime"},{"dateFormatType":"timestamp-ms","description":"CMS 系统字段，请勿随意修改。通过 CMS 系统录入的数据会默认添加该字段","displayName":"修改时间","id":"_updateTime","isSystem":true,"name":"_updateTime","type":"DateTime"},{"displayName":"分类名称","id":"585nhbiglgh0c4jdcgzv2bd9lo55jjc6","name":"name","order":2,"type":"String"},{"copyable":true,"description":"CMS 系统字段，请勿随意修改","displayName":"文档 ID","id":"_id","isHidden":true,"isSystem":true,"name":"_id","type":"String"},{"displayName":"分类图片","id":"r3dknkz0yrfvoqqhzwirqidqqeyik4da","name":"image","order":4,"resourceLinkType":"https","type":"Image"},{"defaultValue":true,"displayName":"首页是否显示","id":"4gmaqm9e94uqv3kbupfc2dl69bnonmdu","name":"isShowOnHome","order":5,"type":"Boolean"}],"collectionName":"sxcs_types","displayName":"分类管理","_id":"959a5fd064cbb7850061983664486f01"},{"fields":[{"dateFormatType":"timestamp-ms","description":"CMS 系统字段，请勿随意修改。通过 CMS 系统录入的数据会默认添加该字段","displayName":"创建时间","id":"_createTime","isSystem":true,"name":"_createTime","type":"DateTime"},{"dateFormatType":"timestamp-ms","description":"CMS 系统字段，请勿随意修改。通过 CMS 系统录入的数据会默认添加该字段","displayName":"修改时间","id":"_updateTime","isSystem":true,"name":"_updateTime","type":"DateTime"},{"displayName":"商品图片","id":"ng39wmgzxmk9368m3k0ncchsvdhgmols","name":"cover","order":2,"resourceLinkType":"fileId","type":"Image"},{"copyable":true,"description":"CMS 系统字段，请勿随意修改","displayName":"文档 ID","id":"_id","isHidden":true,"isSystem":true,"name":"_id","type":"String"},{"displayName":"商品名称","id":"366j496hmhe6asp7ts0bfmhsbm144nui","name":"title","order":4,"type":"String"},{"displayName":"价格","id":"l390b9q58oe87yl1gfqzvvq655dgtknd","name":"price","order":5,"type":"Number"},{"displayName":"商品ID","id":"apcjs45p82tomfprx3b53qg8olbmzmqd","name":"goodId","order":6,"type":"String"}],"collectionName":"sxcs_collects","displayName":"收藏管理","_id":"058dfefe627b7c52153333331232fb"},{"fields":[{"displayName":"自提点图片","id":"2x05wc3vty5dy67ydlyky1z4f99eumgr","name":"image","order":0,"resourceLinkType":"https","type":"Image"},{"displayName":"联系人","id":"82ps29496gjjh139ni6smsh3nlogo3i7","name":"name","order":1,"type":"String"},{"displayName":"电话","id":"lcaho1kxvtr3e9ix5o7k9ak71y4ehg8t","name":"phone","order":2,"type":"String"},{"displayName":"微信","id":"iov35xi0lfaxb9kd3suwumt5zfblol4q","name":"wx","order":3,"type":"String"},{"displayName":"小区","id":"mid9axiirxchrw4abc3g6th0k292aq8c","name":"estate","order":4,"type":"String"},{"displayName":"取货地址","id":"jnp6gtul6fcxzetpzg7k24b8ptiutqsu","name":"address","order":5,"type":"String"},{"displayName":"经度","id":"bx8d8sudzn7xzo4ou5docrd281qfg4hv","name":"longitude","order":6,"type":"String"},{"displayName":"纬度","id":"xzo0req5emqkh2m2a3skhr8o1b2er2u8","name":"latitude","order":7,"type":"String"},{"copyable":true,"description":"CMS 系统字段，请勿随意修改","displayName":"文档 ID","id":"_id","isHidden":true,"isSystem":true,"name":"_id","type":"String"},{"dateFormatType":"timestamp-ms","description":"CMS 系统字段，请勿随意修改。通过 CMS 系统录入的数据会默认添加该字段","displayName":"创建时间","id":"_createTime","isSystem":true,"name":"_createTime","type":"DateTime"},{"dateFormatType":"timestamp-ms","description":"CMS 系统字段，请勿随意修改。通过 CMS 系统录入的数据会默认添加该字段","displayName":"修改时间","id":"_updateTime","isSystem":true,"name":"_updateTime","type":"DateTime"}],"collectionName":"sxcs_admin","displayName":"自提点管理","_id":"8de6ebcc654e415d09cf94c768eac10b"}]